-- =============================================================================
-- SCRIPT DE DADOS DE TESTE — Schema DB2GFG
-- Ordem de inserção respeita FKs
-- =============================================================================

-- 1. TIPOS DE ESTADO DA OPERAÇÃO
INSERT INTO DB2GFG.TIP_EST_OPR (CD_TIP_EST_OPR, NM_TIP_EST_OPR) VALUES (1, 'Ativa');
INSERT INTO DB2GFG.TIP_EST_OPR (CD_TIP_EST_OPR, NM_TIP_EST_OPR) VALUES (2, 'Encerrada');
INSERT INTO DB2GFG.TIP_EST_OPR (CD_TIP_EST_OPR, NM_TIP_EST_OPR) VALUES (3, 'Inadimplente');
INSERT INTO DB2GFG.TIP_EST_OPR (CD_TIP_EST_OPR, NM_TIP_EST_OPR) VALUES (4, 'Liquidada');
INSERT INTO DB2GFG.TIP_EST_OPR (CD_TIP_EST_OPR, NM_TIP_EST_OPR) VALUES (5, 'Honrada');

-- 2. TIPOS DE PÚBLICO ALVO
INSERT INTO DB2GFG.TIP_PBCO_ALVO (CD_TIP_PBCO_ALVO, NM_TIP_PBCO_ALVO) VALUES (1, 'Microempresa');
INSERT INTO DB2GFG.TIP_PBCO_ALVO (CD_TIP_PBCO_ALVO, NM_TIP_PBCO_ALVO) VALUES (2, 'Empresa de Pequeno Porte');
INSERT INTO DB2GFG.TIP_PBCO_ALVO (CD_TIP_PBCO_ALVO, NM_TIP_PBCO_ALVO) VALUES (3, 'Pessoa Física');
INSERT INTO DB2GFG.TIP_PBCO_ALVO (CD_TIP_PBCO_ALVO, NM_TIP_PBCO_ALVO) VALUES (4, 'Produtor Rural');
INSERT INTO DB2GFG.TIP_PBCO_ALVO (CD_TIP_PBCO_ALVO, NM_TIP_PBCO_ALVO) VALUES (5, 'Média Empresa');

-- 3. TIPOS DE CONDIÇÃO ESPECIAL
INSERT INTO DB2GFG.TIP_CND_ESPL_OPR (CD_TIP_CND_ESPL, NM_TIP_CND_ESPL) VALUES (1, 'Sem condição especial');
INSERT INTO DB2GFG.TIP_CND_ESPL_OPR (CD_TIP_CND_ESPL, NM_TIP_CND_ESPL) VALUES (2, 'COVID-19');
INSERT INTO DB2GFG.TIP_CND_ESPL_OPR (CD_TIP_CND_ESPL, NM_TIP_CND_ESPL) VALUES (3, 'Calamidade pública');
INSERT INTO DB2GFG.TIP_CND_ESPL_OPR (CD_TIP_CND_ESPL, NM_TIP_CND_ESPL) VALUES (4, 'Programa emergencial');

-- 4. TIPOS DE FONTE DE RECURSOS
INSERT INTO DB2GFG.TIP_FON_RCS (CD_TIP_FON_RCS, NM_TIP_FON_RCS) VALUES (1, 'BNDES');
INSERT INTO DB2GFG.TIP_FON_RCS (CD_TIP_FON_RCS, NM_TIP_FON_RCS) VALUES (2, 'Tesouro Nacional');
INSERT INTO DB2GFG.TIP_FON_RCS (CD_TIP_FON_RCS, NM_TIP_FON_RCS) VALUES (3, 'FAT');
INSERT INTO DB2GFG.TIP_FON_RCS (CD_TIP_FON_RCS, NM_TIP_FON_RCS) VALUES (4, 'Recursos Próprios');

-- 5. TIPOS DE PROGRAMA DE CRÉDITO
INSERT INTO DB2GFG.TIP_PGM_CRD (CD_TIP_PGM_CRD, NM_TIP_PGM_CRD) VALUES (1, 'PRONAMPE');
INSERT INTO DB2GFG.TIP_PGM_CRD (CD_TIP_PGM_CRD, NM_TIP_PGM_CRD) VALUES (2, 'FGI');
INSERT INTO DB2GFG.TIP_PGM_CRD (CD_TIP_PGM_CRD, NM_TIP_PGM_CRD) VALUES (3, 'PEAC');
INSERT INTO DB2GFG.TIP_PGM_CRD (CD_TIP_PGM_CRD, NM_TIP_PGM_CRD) VALUES (4, 'Emergencial Investimento');
INSERT INTO DB2GFG.TIP_PGM_CRD (CD_TIP_PGM_CRD, NM_TIP_PGM_CRD) VALUES (5, 'FGO Rural');
INSERT INTO DB2GFG.TIP_PGM_CRD (CD_TIP_PGM_CRD, NM_TIP_PGM_CRD) VALUES (6, 'FGO Geral');

-- 6. TIPOS DE REGIÃO
INSERT INTO DB2GFG.TIP_RGAO (CD_TIP_RGAO, NM_TIP_RGAO) VALUES (1, 'Norte');
INSERT INTO DB2GFG.TIP_RGAO (CD_TIP_RGAO, NM_TIP_RGAO) VALUES (2, 'Nordeste');
INSERT INTO DB2GFG.TIP_RGAO (CD_TIP_RGAO, NM_TIP_RGAO) VALUES (3, 'Centro-Oeste');
INSERT INTO DB2GFG.TIP_RGAO (CD_TIP_RGAO, NM_TIP_RGAO) VALUES (4, 'Sudeste');
INSERT INTO DB2GFG.TIP_RGAO (CD_TIP_RGAO, NM_TIP_RGAO) VALUES (5, 'Sul');

-- 7. CONTA MOVIMENTO GARANTIA
INSERT INTO DB2GFG.CT_MVT_GRT_OPR (NR_SEQL_CT_MVT, DS_CT_MVT_GRT_OPR) VALUES (1, 'Conta principal FGO');
INSERT INTO DB2GFG.CT_MVT_GRT_OPR (NR_SEQL_CT_MVT, DS_CT_MVT_GRT_OPR) VALUES (2, 'Conta principal FGI');
INSERT INTO DB2GFG.CT_MVT_GRT_OPR (NR_SEQL_CT_MVT, DS_CT_MVT_GRT_OPR) VALUES (3, 'Conta reserva');

-- 8. FUNDOS GARANTIDORES
INSERT INTO DB2GFG.FNDO_GRTR (
  CD_FNDO_GRTR, SG_FNDO_GRTR, NM_FNDO_GRTR, NR_AG_CT_MVT_FNDO, NR_CT_MVT_FNDO,
  CD_CIA_CTB, IDT_ULT_FCHT_BAL, DT_INC_FNDO_GRTR, DT_ECR_FNDO_GRTR,
  CD_TIP_EST_ENDO, CD_USU_RSP_ATL_REG, CD_USU_RSP_VLDC, TS_ATL_REG
) VALUES (
  1, 'FGO', 'Fundo de Garantia de Operações', 1001, 123456789,
  'BB1', '2026-03-31', '2010-01-01', '2035-12-31',
  1, 'USRSIST', 'USRVLDC', '2026-04-01 08:00:00'
);
INSERT INTO DB2GFG.FNDO_GRTR (
  CD_FNDO_GRTR, SG_FNDO_GRTR, NM_FNDO_GRTR, NR_AG_CT_MVT_FNDO, NR_CT_MVT_FNDO,
  CD_CIA_CTB, IDT_ULT_FCHT_BAL, DT_INC_FNDO_GRTR, DT_ECR_FNDO_GRTR,
  CD_TIP_EST_ENDO, CD_USU_RSP_ATL_REG, CD_USU_RSP_VLDC, TS_ATL_REG
) VALUES (
  2, 'FGI', 'Fundo de Garantia para Investimentos', 1001, 987654321,
  'BB1', '2026-03-31', '2012-06-01', '2035-12-31',
  1, 'USRSIST', 'USRVLDC', '2026-04-01 08:00:00'
);

-- 9. AGENTES FINANCEIROS
INSERT INTO DB2GFG.AGT_FNCO (CD_AGT_FNCO, CD_CLI, NM_ABVD_AGT_FNCO) VALUES (1, 1001, 'BANCO DO BRASIL SA');
INSERT INTO DB2GFG.AGT_FNCO (CD_AGT_FNCO, CD_CLI, NM_ABVD_AGT_FNCO) VALUES (2, 1002, 'CAIXA ECONOMICA FEDERAL');
INSERT INTO DB2GFG.AGT_FNCO (CD_AGT_FNCO, CD_CLI, NM_ABVD_AGT_FNCO) VALUES (3, 1003, 'BRADESCO SA');
INSERT INTO DB2GFG.AGT_FNCO (CD_AGT_FNCO, CD_CLI, NM_ABVD_AGT_FNCO) VALUES (4, 1004, 'ITAU UNIBANCO SA');
INSERT INTO DB2GFG.AGT_FNCO (CD_AGT_FNCO, CD_CLI, NM_ABVD_AGT_FNCO) VALUES (5, 1005, 'SANTANDER BR SA');
INSERT INTO DB2GFG.AGT_FNCO (CD_AGT_FNCO, CD_CLI, NM_ABVD_AGT_FNCO) VALUES (6, 1006, 'SICREDI');
INSERT INTO DB2GFG.AGT_FNCO (CD_AGT_FNCO, CD_CLI, NM_ABVD_AGT_FNCO) VALUES (7, 1007, 'SICOOB');

-- 10. ASSOCIAÇÃO AGENTE × FUNDO
INSERT INTO DB2GFG.AGT_FNCO_FNDO_GRTR (CD_FNDO_GRTR, CD_AGT_FNCO, CD_TIP_EST_AGT, CD_TIP_ITCB_FNCO, CD_ISPB, NR_CTR_ITCB_DADO, CD_CLI, CD_PRD, NR_CT_DEP_AGT, NR_AG_CT_DEP_AGT, CD_USU_RSP_VLDC)
VALUES (1, 1, 1, 1, '00000000', 101, 1001, 1, 123456789, 1001, 'USRVLDC');
INSERT INTO DB2GFG.AGT_FNCO_FNDO_GRTR (CD_FNDO_GRTR, CD_AGT_FNCO, CD_TIP_EST_AGT, CD_TIP_ITCB_FNCO, CD_ISPB, NR_CTR_ITCB_DADO, CD_CLI, CD_PRD, NR_CT_DEP_AGT, NR_AG_CT_DEP_AGT, CD_USU_RSP_VLDC)
VALUES (1, 2, 1, 1, '36170101', 102, 1002, 1, 234567890, 1002, 'USRVLDC');
INSERT INTO DB2GFG.AGT_FNCO_FNDO_GRTR (CD_FNDO_GRTR, CD_AGT_FNCO, CD_TIP_EST_AGT, CD_TIP_ITCB_FNCO, CD_ISPB, NR_CTR_ITCB_DADO, CD_CLI, CD_PRD, NR_CT_DEP_AGT, NR_AG_CT_DEP_AGT, CD_USU_RSP_VLDC)
VALUES (1, 3, 1, 1, '60746948', 103, 1003, 2, 345678901, 1003, 'USRVLDC');
INSERT INTO DB2GFG.AGT_FNCO_FNDO_GRTR (CD_FNDO_GRTR, CD_AGT_FNCO, CD_TIP_EST_AGT, CD_TIP_ITCB_FNCO, CD_ISPB, NR_CTR_ITCB_DADO, CD_CLI, CD_PRD, NR_CT_DEP_AGT, NR_AG_CT_DEP_AGT, CD_USU_RSP_VLDC)
VALUES (1, 4, 1, 1, '60872504', 104, 1004, 2, 456789012, 1004, 'USRVLDC');
INSERT INTO DB2GFG.AGT_FNCO_FNDO_GRTR (CD_FNDO_GRTR, CD_AGT_FNCO, CD_TIP_EST_AGT, CD_TIP_ITCB_FNCO, CD_ISPB, NR_CTR_ITCB_DADO, CD_CLI, CD_PRD, NR_CT_DEP_AGT, NR_AG_CT_DEP_AGT, CD_USU_RSP_VLDC)
VALUES (1, 5, 1, 2, '90400888', 105, 1005, 3, 567890123, 1005, 'USRVLDC');
INSERT INTO DB2GFG.AGT_FNCO_FNDO_GRTR (CD_FNDO_GRTR, CD_AGT_FNCO, CD_TIP_EST_AGT, CD_TIP_ITCB_FNCO, CD_ISPB, NR_CTR_ITCB_DADO, CD_CLI, CD_PRD, NR_CT_DEP_AGT, NR_AG_CT_DEP_AGT, CD_USU_RSP_VLDC)
VALUES (1, 6, 1, 3, '01181521', 106, 1006, 4, 678901234, 1006, 'USRVLDC');
INSERT INTO DB2GFG.AGT_FNCO_FNDO_GRTR (CD_FNDO_GRTR, CD_AGT_FNCO, CD_TIP_EST_AGT, CD_TIP_ITCB_FNCO, CD_ISPB, NR_CTR_ITCB_DADO, CD_CLI, CD_PRD, NR_CT_DEP_AGT, NR_AG_CT_DEP_AGT, CD_USU_RSP_VLDC)
VALUES (1, 7, 1, 3, '02038232', 107, 1007, 4, 789012345, 1007, 'USRVLDC');
-- FGI associations
INSERT INTO DB2GFG.AGT_FNCO_FNDO_GRTR (CD_FNDO_GRTR, CD_AGT_FNCO, CD_TIP_EST_AGT, CD_TIP_ITCB_FNCO, CD_ISPB, NR_CTR_ITCB_DADO, CD_CLI, CD_PRD, NR_CT_DEP_AGT, NR_AG_CT_DEP_AGT, CD_USU_RSP_VLDC)
VALUES (2, 1, 1, 1, '00000000', 201, 1001, 1, 123456780, 1001, 'USRVLDC');
INSERT INTO DB2GFG.AGT_FNCO_FNDO_GRTR (CD_FNDO_GRTR, CD_AGT_FNCO, CD_TIP_EST_AGT, CD_TIP_ITCB_FNCO, CD_ISPB, NR_CTR_ITCB_DADO, CD_CLI, CD_PRD, NR_CT_DEP_AGT, NR_AG_CT_DEP_AGT, CD_USU_RSP_VLDC)
VALUES (2, 3, 1, 1, '60746948', 203, 1003, 2, 345678900, 1003, 'USRVLDC');

-- =============================================================================
-- 11. OPERAÇÕES DE CRÉDITO (OPR_CRD_FNDO_GRTR) — 110 registros
-- Abreviações: AGT=agente, PGM=programa, EST=estado, VL=valor
-- DT_FRMZ_OPR em Abril/2026 para acionar warm-up do mês atual
-- =============================================================================

-- Agente 1 (BB) — 20 operações, programas variados
INSERT INTO DB2GFG.OPR_CRD_FNDO_GRTR VALUES (1001, 1, 1, 'EXT-BB-001         ', 1, 1, 1, 1, 5300108, 12345678901234, NULL, 1, 250000.00, 100000.00, 80.00, 1, '2026-04-02', '2029-04-02', 80000.00, 0.00, 5200.00, 0.00, 'A1', NULL, 80000.00, 100000.00, NULL, 1, 1, NULL, NULL, 1, 1, 1, 1, 'S', 'S', NULL, NULL, NULL, NULL, NULL, NULL, 1, NULL, NULL, NULL);
INSERT INTO DB2GFG.OPR_CRD_FNDO_GRTR VALUES (1002, 1, 1, 'EXT-BB-002         ', 1, 1, 2, 1, 5300108, 12345678901234, NULL, 1, 180000.00, 80000.00, 80.00, 1, '2026-04-03', '2028-10-03', 64000.00, 12000.00, 4160.00, 800.00, 'A1', NULL, 64000.00, 80000.00, '2026-05-03', 1, 3, NULL, NULL, 1, 1, 1, 1, 'S', 'S', NULL, NULL, NULL, NULL, NULL, NULL, 1, NULL, NULL, NULL);
INSERT INTO DB2GFG.OPR_CRD_FNDO_GRTR VALUES (1003, 1, 1, 'EXT-BB-003         ', 2, 2, 1, 1, 5300108, 98765432109876, NULL, 2, 500000.00, 200000.00, 80.00, 1, '2026-04-05', '2031-04-05', 160000.00, 0.00, 10400.00, 0.00, 'A2', NULL, 160000.00, 200000.00, NULL, 2, 1, NULL, NULL, 1, 2, 1, 1, 'S', 'S', NULL, NULL, NULL, NULL, NULL, NULL, 1, NULL, NULL, NULL);
INSERT INTO DB2GFG.OPR_CRD_FNDO_GRTR VALUES (1004, 1, 1, 'EXT-BB-004         ', 2, 3, 3, 2, 3550308, 11122233344455, NULL, 3, 120000.00, 60000.00, 80.00, 1, '2026-04-07', '2028-04-07', 48000.00, 0.00, 3120.00, 0.00, 'A1', NULL, 48000.00, 60000.00, NULL, 1, 1, NULL, NULL, 2, 3, 1, 1, 'S', 'S', NULL, NULL, NULL, NULL, NULL, NULL, 1, NULL, NULL, NULL);
INSERT INTO DB2GFG.OPR_CRD_FNDO_GRTR VALUES (1005, 1, 1, 'EXT-BB-005         ', 3, 1, 1, 1, 5300108, 22233344455566, NULL, 1, 80000.00, 50000.00, 80.00, 1, '2026-04-08', '2027-10-08', 40000.00, 8000.00, 2600.00, 520.00, 'B1', '2026-03-31', 40000.00, 50000.00, '2026-04-08', 1, 3, NULL, NULL, 1, 1, 1, 1, 'S', 'S', NULL, NULL, NULL, NULL, NULL, NULL, 1, NULL, NULL, NULL);
INSERT INTO DB2GFG.OPR_CRD_FNDO_GRTR VALUES (1006, 1, 1, 'EXT-BB-006         ', 1, 1, 1, 1, 5300108, 33344455566677, NULL, 1, 320000.00, 150000.00, 80.00, 1, '2026-04-09', '2030-04-09', 120000.00, 0.00, 7800.00, 0.00, 'A1', NULL, 120000.00, 150000.00, NULL, 1, 1, NULL, NULL, 1, 1, 1, 1, 'S', 'S', NULL, NULL, NULL, NULL, NULL, NULL, 1, NULL, NULL, NULL);
INSERT INTO DB2GFG.OPR_CRD_FNDO_GRTR VALUES (1007, 1, 1, 'EXT-BB-007         ', 4, 4, 4, 3, 1302603, 44455566677788, NULL, 5, 90000.00, 45000.00, 80.00, 4, '2026-04-10', '2028-04-10', 36000.00, 5000.00, 2340.00, 325.00, 'A2', '2026-03-15', 36000.00, 45000.00, '2026-04-05', 2, 3, NULL, NULL, 3, 4, 1, 1, 'S', 'S', NULL, NULL, NULL, NULL, NULL, NULL, 1, NULL, NULL, NULL);
INSERT INTO DB2GFG.OPR_CRD_FNDO_GRTR VALUES (1008, 1, 1, 'EXT-BB-008         ', 5, 5, 1, 1, 5300108, 55566677788899, NULL, 2, 450000.00, 180000.00, 80.00, 1, '2026-04-11', '2031-04-11', 144000.00, 0.00, 9360.00, 0.00, 'A1', NULL, 144000.00, 180000.00, NULL, 2, 1, NULL, NULL, 1, 5, 1, 1, 'S', 'S', NULL, NULL, NULL, NULL, NULL, NULL, 1, NULL, NULL, NULL);
INSERT INTO DB2GFG.OPR_CRD_FNDO_GRTR VALUES (1009, 1, 1, 'EXT-BB-009         ', 6, 2, 1, 1, 5300108, 66677788899910, NULL, 1, 60000.00, 30000.00, 80.00, 1, '2026-04-12', '2027-04-12', 24000.00, 3000.00, 1560.00, 195.00, 'B2', '2026-03-20', 24000.00, 30000.00, '2026-03-20', 1, 3, NULL, NULL, 1, 2, 1, 1, 'S', 'S', NULL, NULL, NULL, NULL, NULL, NULL, 1, NULL, NULL, NULL);
INSERT INTO DB2GFG.OPR_CRD_FNDO_GRTR VALUES (1010, 1, 1, 'EXT-BB-010         ', 1, 3, 3, 2, 3550308, 77788899910011, NULL, 3, 200000.00, 100000.00, 80.00, 1, '2026-04-14', '2029-10-14', 80000.00, 0.00, 5200.00, 0.00, 'A1', NULL, 80000.00, 100000.00, NULL, 1, 1, NULL, NULL, 2, 3, 1, 1, 'S', 'S', NULL, NULL, NULL, NULL, NULL, NULL, 1, NULL, NULL, NULL);
INSERT INTO DB2GFG.OPR_CRD_FNDO_GRTR VALUES (1011, 1, 1, 'EXT-BB-011         ', 1, 1, 1, 1, 5300108, 88899910011122, NULL, 1, 150000.00, 75000.00, 80.00, 1, '2026-04-15', '2028-04-15', 60000.00, 10000.00, 3900.00, 650.00, 'B1', '2026-04-01', 60000.00, 75000.00, '2026-04-01', 1, 3, NULL, NULL, 1, 1, 1, 1, 'S', 'S', NULL, NULL, NULL, NULL, NULL, NULL, 1, NULL, NULL, NULL);
INSERT INTO DB2GFG.OPR_CRD_FNDO_GRTR VALUES (1012, 1, 1, 'EXT-BB-012         ', 2, 6, 1, 1, 5300108, 99910011122233, NULL, 2, 700000.00, 350000.00, 80.00, 1, '2026-04-16', '2033-04-16', 280000.00, 0.00, 18200.00, 0.00, 'A2', NULL, 280000.00, 350000.00, NULL, 2, 1, NULL, NULL, 1, 6, 1, 1, 'S', 'S', NULL, NULL, NULL, NULL, NULL, NULL, 1, NULL, NULL, NULL);
INSERT INTO DB2GFG.OPR_CRD_FNDO_GRTR VALUES (1013, 1, 1, 'EXT-BB-013         ', 3, 1, 4, 4, 9512131, 10011122233344, NULL, 4, 40000.00, 20000.00, 80.00, 1, '2026-04-17', '2027-04-17', 16000.00, 2000.00, 1040.00, 130.00, 'B2', '2026-02-10', 16000.00, 20000.00, '2026-02-10', 1, 3, NULL, NULL, 1, 1, 1, 1, 'S', 'S', NULL, NULL, NULL, NULL, NULL, NULL, 1, NULL, NULL, NULL);
INSERT INTO DB2GFG.OPR_CRD_FNDO_GRTR VALUES (1014, 1, 1, 'EXT-BB-014         ', 1, 5, 1, 1, 5300108, 11122233344455, NULL, 2, 380000.00, 190000.00, 80.00, 1, '2026-04-18', '2030-10-18', 152000.00, 0.00, 9880.00, 0.00, 'A1', NULL, 152000.00, 190000.00, NULL, 2, 1, NULL, NULL, 1, 5, 1, 1, 'S', 'S', NULL, NULL, NULL, NULL, NULL, NULL, 1, NULL, NULL, NULL);
INSERT INTO DB2GFG.OPR_CRD_FNDO_GRTR VALUES (1015, 1, 1, 'EXT-BB-015         ', 1, 2, 2, 1, 5300108, 22233344455566, NULL, 1, 95000.00, 47500.00, 80.00, 1, '2026-04-02', '2028-04-02', 38000.00, 7000.00, 2470.00, 455.00, 'B1', '2026-03-25', 38000.00, 47500.00, '2026-03-25', 1, 3, NULL, NULL, 1, 2, 1, 1, 'S', 'S', NULL, NULL, NULL, NULL, NULL, NULL, 1, NULL, NULL, NULL);
INSERT INTO DB2GFG.OPR_CRD_FNDO_GRTR VALUES (1016, 1, 1, 'EXT-BB-016         ', 4, 4, 1, 1, 5300108, 33344455566677, NULL, 5, 1200000.00, 600000.00, 80.00, 1, '2026-04-03', '2034-04-03', 480000.00, 0.00, 31200.00, 0.00, 'A1', NULL, 480000.00, 600000.00, NULL, 3, 1, NULL, NULL, 1, 4, 1, 1, 'S', 'S', NULL, NULL, NULL, NULL, NULL, NULL, 1, NULL, NULL, NULL);
INSERT INTO DB2GFG.OPR_CRD_FNDO_GRTR VALUES (1017, 1, 1, 'EXT-BB-017         ', 1, 1, 3, 2, 3550308, 44455566677788, NULL, 3, 170000.00, 85000.00, 80.00, 1, '2026-04-04', '2029-04-04', 68000.00, 15000.00, 4420.00, 975.00, 'B2', '2026-04-10', 68000.00, 85000.00, '2026-04-10', 1, 3, NULL, NULL, 2, 1, 1, 1, 'S', 'S', NULL, NULL, NULL, NULL, NULL, NULL, 1, NULL, NULL, NULL);
INSERT INTO DB2GFG.OPR_CRD_FNDO_GRTR VALUES (1018, 1, 1, 'EXT-BB-018         ', 6, 6, 1, 1, 5300108, 55566677788899, NULL, 2, 280000.00, 140000.00, 80.00, 1, '2026-04-07', '2031-04-07', 112000.00, 0.00, 7280.00, 0.00, 'A2', NULL, 112000.00, 140000.00, NULL, 2, 1, NULL, NULL, 1, 6, 1, 1, 'S', 'S', NULL, NULL, NULL, NULL, NULL, NULL, 1, NULL, NULL, NULL);
INSERT INTO DB2GFG.OPR_CRD_FNDO_GRTR VALUES (1019, 1, 1, 'EXT-BB-019         ', 2, 3, 1, 1, 5300108, 66677788899910, NULL, 1, 55000.00, 27500.00, 80.00, 1, '2026-04-08', '2027-10-08', 22000.00, 4000.00, 1430.00, 260.00, 'B1', '2026-04-05', 22000.00, 27500.00, '2026-04-05', 1, 3, NULL, NULL, 1, 3, 1, 1, 'S', 'S', NULL, NULL, NULL, NULL, NULL, NULL, 1, NULL, NULL, NULL);
INSERT INTO DB2GFG.OPR_CRD_FNDO_GRTR VALUES (1020, 1, 1, 'EXT-BB-020         ', 5, 5, 1, 1, 5300108, 77788899910011, NULL, 2, 620000.00, 310000.00, 80.00, 1, '2026-04-09', '2032-04-09', 248000.00, 0.00, 16120.00, 0.00, 'A1', NULL, 248000.00, 310000.00, NULL, 3, 1, NULL, NULL, 1, 5, 1, 1, 'S', 'S', NULL, NULL, NULL, NULL, NULL, NULL, 1, NULL, NULL, NULL);

-- Agente 2 (CEF) — 20 operações
INSERT INTO DB2GFG.OPR_CRD_FNDO_GRTR VALUES (2001, 1, 2, 'EXT-CEF-001        ', 1, 1, 1, 1, 5300108, 12345678901234, NULL, 1, 300000.00, 120000.00, 80.00, 1, '2026-04-02', '2029-04-02', 96000.00, 0.00, 6240.00, 0.00, 'A1', NULL, 96000.00, 120000.00, NULL, 1, 1, NULL, NULL, 1, 1, 1, 1, 'S', 'S', NULL, NULL, NULL, NULL, NULL, NULL, 1, NULL, NULL, NULL);
INSERT INTO DB2GFG.OPR_CRD_FNDO_GRTR VALUES (2002, 1, 2, 'EXT-CEF-002        ', 1, 1, 2, 1, 5300108, 22233344455566, NULL, 1, 85000.00, 42500.00, 80.00, 1, '2026-04-03', '2028-04-03', 34000.00, 6000.00, 2210.00, 390.00, 'B1', '2026-03-28', 34000.00, 42500.00, '2026-03-28', 1, 3, NULL, NULL, 1, 1, 1, 1, 'S', 'S', NULL, NULL, NULL, NULL, NULL, NULL, 1, NULL, NULL, NULL);
INSERT INTO DB2GFG.OPR_CRD_FNDO_GRTR VALUES (2003, 1, 2, 'EXT-CEF-003        ', 2, 2, 1, 1, 5300108, 33344455566677, NULL, 2, 550000.00, 275000.00, 80.00, 1, '2026-04-04', '2031-04-04', 220000.00, 0.00, 14300.00, 0.00, 'A2', NULL, 220000.00, 275000.00, NULL, 2, 1, NULL, NULL, 1, 2, 1, 1, 'S', 'S', NULL, NULL, NULL, NULL, NULL, NULL, 1, NULL, NULL, NULL);
INSERT INTO DB2GFG.OPR_CRD_FNDO_GRTR VALUES (2004, 1, 2, 'EXT-CEF-004        ', 2, 3, 3, 2, 3550308, 44455566677788, NULL, 3, 130000.00, 65000.00, 80.00, 1, '2026-04-05', '2028-10-05', 52000.00, 9000.00, 3380.00, 585.00, 'B2', '2026-04-02', 52000.00, 65000.00, '2026-04-02', 1, 3, NULL, NULL, 2, 3, 1, 1, 'S', 'S', NULL, NULL, NULL, NULL, NULL, NULL, 1, NULL, NULL, NULL);
INSERT INTO DB2GFG.OPR_CRD_FNDO_GRTR VALUES (2005, 1, 2, 'EXT-CEF-005        ', 3, 1, 1, 1, 5300108, 55566677788899, NULL, 1, 75000.00, 37500.00, 80.00, 1, '2026-04-07', '2027-10-07', 30000.00, 0.00, 1950.00, 0.00, 'A1', NULL, 30000.00, 37500.00, NULL, 1, 1, NULL, NULL, 1, 1, 1, 1, 'S', 'S', NULL, NULL, NULL, NULL, NULL, NULL, 1, NULL, NULL, NULL);
INSERT INTO DB2GFG.OPR_CRD_FNDO_GRTR VALUES (2006, 1, 2, 'EXT-CEF-006        ', 4, 4, 4, 3, 1302603, 66677788899910, NULL, 4, 480000.00, 240000.00, 80.00, 4, '2026-04-08', '2031-04-08', 192000.00, 0.00, 12480.00, 0.00, 'A1', NULL, 192000.00, 240000.00, NULL, 3, 1, NULL, NULL, 3, 4, 1, 1, 'S', 'S', NULL, NULL, NULL, NULL, NULL, NULL, 1, NULL, NULL, NULL);
INSERT INTO DB2GFG.OPR_CRD_FNDO_GRTR VALUES (2007, 1, 2, 'EXT-CEF-007        ', 1, 1, 1, 1, 5300108, 77788899910011, NULL, 1, 110000.00, 55000.00, 80.00, 1, '2026-04-09', '2028-04-09', 44000.00, 8000.00, 2860.00, 520.00, 'B1', '2026-03-31', 44000.00, 55000.00, '2026-03-31', 1, 3, NULL, NULL, 1, 1, 1, 1, 'S', 'S', NULL, NULL, NULL, NULL, NULL, NULL, 1, NULL, NULL, NULL);
INSERT INTO DB2GFG.OPR_CRD_FNDO_GRTR VALUES (2008, 1, 2, 'EXT-CEF-008        ', 5, 5, 1, 1, 5300108, 88899910011122, NULL, 2, 900000.00, 450000.00, 80.00, 1, '2026-04-10', '2033-04-10', 360000.00, 0.00, 23400.00, 0.00, 'A2', NULL, 360000.00, 450000.00, NULL, 3, 1, NULL, NULL, 1, 5, 1, 1, 'S', 'S', NULL, NULL, NULL, NULL, NULL, NULL, 1, NULL, NULL, NULL);
INSERT INTO DB2GFG.OPR_CRD_FNDO_GRTR VALUES (2009, 1, 2, 'EXT-CEF-009        ', 6, 2, 1, 1, 5300108, 99910011122233, NULL, 1, 65000.00, 32500.00, 80.00, 1, '2026-04-11', '2027-10-11', 26000.00, 5000.00, 1690.00, 325.00, 'B2', '2026-04-08', 26000.00, 32500.00, '2026-04-08', 1, 3, NULL, NULL, 1, 2, 1, 1, 'S', 'S', NULL, NULL, NULL, NULL, NULL, NULL, 1, NULL, NULL, NULL);
INSERT INTO DB2GFG.OPR_CRD_FNDO_GRTR VALUES (2010, 1, 2, 'EXT-CEF-010        ', 1, 6, 3, 2, 3550308, 10011122233344, NULL, 3, 220000.00, 110000.00, 80.00, 1, '2026-04-12', '2029-10-12', 88000.00, 0.00, 5720.00, 0.00, 'A1', NULL, 88000.00, 110000.00, NULL, 2, 1, NULL, NULL, 2, 6, 1, 1, 'S', 'S', NULL, NULL, NULL, NULL, NULL, NULL, 1, NULL, NULL, NULL);
INSERT INTO DB2GFG.OPR_CRD_FNDO_GRTR VALUES (2011, 1, 2, 'EXT-CEF-011        ', 1, 1, 1, 1, 5300108, 11122233344455, NULL, 1, 140000.00, 70000.00, 80.00, 1, '2026-04-14', '2028-04-14', 56000.00, 11000.00, 3640.00, 715.00, 'B1', '2026-04-12', 56000.00, 70000.00, '2026-04-12', 1, 3, NULL, NULL, 1, 1, 1, 1, 'S', 'S', NULL, NULL, NULL, NULL, NULL, NULL, 1, NULL, NULL, NULL);
INSERT INTO DB2GFG.OPR_CRD_FNDO_GRTR VALUES (2012, 1, 2, 'EXT-CEF-012        ', 2, 3, 1, 1, 5300108, 22233344455566, NULL, 2, 750000.00, 375000.00, 80.00, 1, '2026-04-15', '2033-04-15', 300000.00, 0.00, 19500.00, 0.00, 'A2', NULL, 300000.00, 375000.00, NULL, 3, 1, NULL, NULL, 1, 3, 1, 1, 'S', 'S', NULL, NULL, NULL, NULL, NULL, NULL, 1, NULL, NULL, NULL);
INSERT INTO DB2GFG.OPR_CRD_FNDO_GRTR VALUES (2013, 1, 2, 'EXT-CEF-013        ', 3, 4, 4, 4, 9512131, 33344455566677, NULL, 4, 45000.00, 22500.00, 80.00, 1, '2026-04-16', '2027-04-16', 18000.00, 3000.00, 1170.00, 195.00, 'B2', '2026-01-15', 18000.00, 22500.00, '2026-01-15', 1, 3, NULL, NULL, 1, 4, 1, 1, 'S', 'S', NULL, NULL, NULL, NULL, NULL, NULL, 1, NULL, NULL, NULL);
INSERT INTO DB2GFG.OPR_CRD_FNDO_GRTR VALUES (2014, 1, 2, 'EXT-CEF-014        ', 1, 1, 1, 1, 5300108, 44455566677788, NULL, 2, 420000.00, 210000.00, 80.00, 1, '2026-04-17', '2030-10-17', 168000.00, 0.00, 10920.00, 0.00, 'A1', NULL, 168000.00, 210000.00, NULL, 2, 1, NULL, NULL, 1, 1, 1, 1, 'S', 'S', NULL, NULL, NULL, NULL, NULL, NULL, 1, NULL, NULL, NULL);
INSERT INTO DB2GFG.OPR_CRD_FNDO_GRTR VALUES (2015, 1, 2, 'EXT-CEF-015        ', 1, 2, 2, 1, 5300108, 55566677788899, NULL, 1, 100000.00, 50000.00, 80.00, 1, '2026-04-18', '2028-04-18', 40000.00, 7500.00, 2600.00, 487.50, 'B1', '2026-04-14', 40000.00, 50000.00, '2026-04-14', 1, 3, NULL, NULL, 1, 2, 1, 1, 'S', 'S', NULL, NULL, NULL, NULL, NULL, NULL, 1, NULL, NULL, NULL);
INSERT INTO DB2GFG.OPR_CRD_FNDO_GRTR VALUES (2016, 1, 2, 'EXT-CEF-016        ', 4, 5, 1, 1, 5300108, 66677788899910, NULL, 5, 1500000.00, 750000.00, 80.00, 1, '2026-04-02', '2036-04-02', 600000.00, 0.00, 39000.00, 0.00, 'A1', NULL, 600000.00, 750000.00, NULL, 3, 1, NULL, NULL, 1, 5, 1, 1, 'S', 'S', NULL, NULL, NULL, NULL, NULL, NULL, 1, NULL, NULL, NULL);
INSERT INTO DB2GFG.OPR_CRD_FNDO_GRTR VALUES (2017, 1, 2, 'EXT-CEF-017        ', 1, 1, 3, 2, 3550308, 77788899910011, NULL, 3, 180000.00, 90000.00, 80.00, 1, '2026-04-03', '2029-04-03', 72000.00, 14000.00, 4680.00, 910.00, 'B2', '2026-04-15', 72000.00, 90000.00, '2026-04-15', 1, 3, NULL, NULL, 2, 1, 1, 1, 'S', 'S', NULL, NULL, NULL, NULL, NULL, NULL, 1, NULL, NULL, NULL);
INSERT INTO DB2GFG.OPR_CRD_FNDO_GRTR VALUES (2018, 1, 2, 'EXT-CEF-018        ', 6, 6, 1, 1, 5300108, 88899910011122, NULL, 2, 320000.00, 160000.00, 80.00, 1, '2026-04-04', '2031-04-04', 128000.00, 0.00, 8320.00, 0.00, 'A2', NULL, 128000.00, 160000.00, NULL, 2, 1, NULL, NULL, 1, 6, 1, 1, 'S', 'S', NULL, NULL, NULL, NULL, NULL, NULL, 1, NULL, NULL, NULL);
INSERT INTO DB2GFG.OPR_CRD_FNDO_GRTR VALUES (2019, 1, 2, 'EXT-CEF-019        ', 2, 4, 1, 1, 5300108, 99910011122233, NULL, 1, 58000.00, 29000.00, 80.00, 1, '2026-04-05', '2027-10-05', 23200.00, 4500.00, 1508.00, 292.50, 'B1', '2026-04-10', 23200.00, 29000.00, '2026-04-10', 1, 3, NULL, NULL, 1, 4, 1, 1, 'S', 'S', NULL, NULL, NULL, NULL, NULL, NULL, 1, NULL, NULL, NULL);
INSERT INTO DB2GFG.OPR_CRD_FNDO_GRTR VALUES (2020, 1, 2, 'EXT-CEF-020        ', 5, 5, 1, 1, 5300108, 10011122233344, NULL, 2, 680000.00, 340000.00, 80.00, 1, '2026-04-07', '2032-04-07', 272000.00, 0.00, 17680.00, 0.00, 'A1', NULL, 272000.00, 340000.00, NULL, 3, 1, NULL, NULL, 1, 5, 1, 1, 'S', 'S', NULL, NULL, NULL, NULL, NULL, NULL, 1, NULL, NULL, NULL);

-- Agente 3 (Bradesco) — 15 operações
INSERT INTO DB2GFG.OPR_CRD_FNDO_GRTR VALUES (3001, 1, 3, 'EXT-BRA-001        ', 1, 1, 1, 1, 5300108, 12345678901234, NULL, 1, 200000.00, 100000.00, 80.00, 1, '2026-04-02', '2029-04-02', 80000.00, 0.00, 5200.00, 0.00, 'A1', NULL, 80000.00, 100000.00, NULL, 1, 1, NULL, NULL, 1, 1, 1, 1, 'S', 'S', NULL, NULL, NULL, NULL, NULL, NULL, 1, NULL, NULL, NULL);
INSERT INTO DB2GFG.OPR_CRD_FNDO_GRTR VALUES (3002, 1, 3, 'EXT-BRA-002        ', 1, 2, 2, 1, 5300108, 22233344455566, NULL, 1, 95000.00, 47500.00, 80.00, 1, '2026-04-05', '2028-04-05', 38000.00, 7000.00, 2470.00, 455.00, 'B1', '2026-04-01', 38000.00, 47500.00, '2026-04-01', 1, 3, NULL, NULL, 1, 2, 1, 1, 'S', 'S', NULL, NULL, NULL, NULL, NULL, NULL, 1, NULL, NULL, NULL);
INSERT INTO DB2GFG.OPR_CRD_FNDO_GRTR VALUES (3003, 1, 3, 'EXT-BRA-003        ', 2, 3, 1, 1, 5300108, 33344455566677, NULL, 2, 460000.00, 230000.00, 80.00, 1, '2026-04-07', '2031-04-07', 184000.00, 0.00, 11960.00, 0.00, 'A2', NULL, 184000.00, 230000.00, NULL, 2, 1, NULL, NULL, 1, 3, 1, 1, 'S', 'S', NULL, NULL, NULL, NULL, NULL, NULL, 1, NULL, NULL, NULL);
INSERT INTO DB2GFG.OPR_CRD_FNDO_GRTR VALUES (3004, 1, 3, 'EXT-BRA-004        ', 2, 1, 3, 2, 3550308, 44455566677788, NULL, 3, 150000.00, 75000.00, 80.00, 1, '2026-04-09', '2029-04-09', 60000.00, 12000.00, 3900.00, 780.00, 'B2', '2026-04-05', 60000.00, 75000.00, '2026-04-05', 1, 3, NULL, NULL, 2, 1, 1, 1, 'S', 'S', NULL, NULL, NULL, NULL, NULL, NULL, 1, NULL, NULL, NULL);
INSERT INTO DB2GFG.OPR_CRD_FNDO_GRTR VALUES (3005, 1, 3, 'EXT-BRA-005        ', 3, 4, 1, 1, 5300108, 55566677788899, NULL, 1, 70000.00, 35000.00, 80.00, 1, '2026-04-10', '2027-10-10', 28000.00, 0.00, 1820.00, 0.00, 'A1', NULL, 28000.00, 35000.00, NULL, 1, 1, NULL, NULL, 1, 4, 1, 1, 'S', 'S', NULL, NULL, NULL, NULL, NULL, NULL, 1, NULL, NULL, NULL);
INSERT INTO DB2GFG.OPR_CRD_FNDO_GRTR VALUES (3006, 1, 3, 'EXT-BRA-006        ', 1, 5, 1, 1, 5300108, 66677788899910, NULL, 2, 530000.00, 265000.00, 80.00, 1, '2026-04-11', '2031-04-11', 212000.00, 0.00, 13780.00, 0.00, 'A1', NULL, 212000.00, 265000.00, NULL, 2, 1, NULL, NULL, 1, 5, 1, 1, 'S', 'S', NULL, NULL, NULL, NULL, NULL, NULL, 1, NULL, NULL, NULL);
INSERT INTO DB2GFG.OPR_CRD_FNDO_GRTR VALUES (3007, 1, 3, 'EXT-BRA-007        ', 4, 6, 4, 3, 1302603, 77788899910011, NULL, 4, 50000.00, 25000.00, 80.00, 4, '2026-04-12', '2027-04-12', 20000.00, 4000.00, 1300.00, 260.00, 'B1', '2026-04-08', 20000.00, 25000.00, '2026-04-08', 2, 3, NULL, NULL, 3, 6, 1, 1, 'S', 'S', NULL, NULL, NULL, NULL, NULL, NULL, 1, NULL, NULL, NULL);
INSERT INTO DB2GFG.OPR_CRD_FNDO_GRTR VALUES (3008, 1, 3, 'EXT-BRA-008        ', 5, 1, 1, 1, 5300108, 88899910011122, NULL, 5, 1100000.00, 550000.00, 80.00, 1, '2026-04-14', '2034-04-14', 440000.00, 0.00, 28600.00, 0.00, 'A2', NULL, 440000.00, 550000.00, NULL, 3, 1, NULL, NULL, 1, 1, 1, 1, 'S', 'S', NULL, NULL, NULL, NULL, NULL, NULL, 1, NULL, NULL, NULL);
INSERT INTO DB2GFG.OPR_CRD_FNDO_GRTR VALUES (3009, 1, 3, 'EXT-BRA-009        ', 6, 2, 1, 1, 5300108, 99910011122233, NULL, 1, 72000.00, 36000.00, 80.00, 1, '2026-04-15', '2027-10-15', 28800.00, 5000.00, 1872.00, 325.00, 'B2', '2026-04-12', 28800.00, 36000.00, '2026-04-12', 1, 3, NULL, NULL, 1, 2, 1, 1, 'S', 'S', NULL, NULL, NULL, NULL, NULL, NULL, 1, NULL, NULL, NULL);
INSERT INTO DB2GFG.OPR_CRD_FNDO_GRTR VALUES (3010, 1, 3, 'EXT-BRA-010        ', 1, 3, 3, 2, 3550308, 10011122233344, NULL, 3, 240000.00, 120000.00, 80.00, 1, '2026-04-16', '2030-04-16', 96000.00, 0.00, 6240.00, 0.00, 'A1', NULL, 96000.00, 120000.00, NULL, 2, 1, NULL, NULL, 2, 3, 1, 1, 'S', 'S', NULL, NULL, NULL, NULL, NULL, NULL, 1, NULL, NULL, NULL);
INSERT INTO DB2GFG.OPR_CRD_FNDO_GRTR VALUES (3011, 1, 3, 'EXT-BRA-011        ', 1, 4, 1, 1, 5300108, 11122233344455, NULL, 2, 390000.00, 195000.00, 80.00, 1, '2026-04-17', '2030-10-17', 156000.00, 0.00, 10140.00, 0.00, 'A2', NULL, 156000.00, 195000.00, NULL, 2, 1, NULL, NULL, 1, 4, 1, 1, 'S', 'S', NULL, NULL, NULL, NULL, NULL, NULL, 1, NULL, NULL, NULL);
INSERT INTO DB2GFG.OPR_CRD_FNDO_GRTR VALUES (3012, 1, 3, 'EXT-BRA-012        ', 1, 1, 2, 1, 5300108, 22233344455566, NULL, 1, 105000.00, 52500.00, 80.00, 1, '2026-04-18', '2028-04-18', 42000.00, 8000.00, 2730.00, 520.00, 'B1', '2026-04-15', 42000.00, 52500.00, '2026-04-15', 1, 3, NULL, NULL, 1, 1, 1, 1, 'S', 'S', NULL, NULL, NULL, NULL, NULL, NULL, 1, NULL, NULL, NULL);
INSERT INTO DB2GFG.OPR_CRD_FNDO_GRTR VALUES (3013, 1, 3, 'EXT-BRA-013        ', 2, 5, 1, 1, 5300108, 33344455566677, NULL, 2, 810000.00, 405000.00, 80.00, 1, '2026-04-02', '2033-04-02', 324000.00, 0.00, 21060.00, 0.00, 'A1', NULL, 324000.00, 405000.00, NULL, 3, 1, NULL, NULL, 1, 5, 1, 1, 'S', 'S', NULL, NULL, NULL, NULL, NULL, NULL, 1, NULL, NULL, NULL);
INSERT INTO DB2GFG.OPR_CRD_FNDO_GRTR VALUES (3014, 1, 3, 'EXT-BRA-014        ', 3, 6, 4, 4, 9512131, 44455566677788, NULL, 4, 48000.00, 24000.00, 80.00, 1, '2026-04-03', '2027-04-03', 19200.00, 3000.00, 1248.00, 195.00, 'B2', '2026-02-20', 19200.00, 24000.00, '2026-02-20', 1, 3, NULL, NULL, 1, 6, 1, 1, 'S', 'S', NULL, NULL, NULL, NULL, NULL, NULL, 1, NULL, NULL, NULL);
INSERT INTO DB2GFG.OPR_CRD_FNDO_GRTR VALUES (3015, 1, 3, 'EXT-BRA-015        ', 6, 1, 1, 1, 5300108, 55566677788899, NULL, 1, 280000.00, 140000.00, 80.00, 1, '2026-04-04', '2029-04-04', 112000.00, 0.00, 7280.00, 0.00, 'A1', NULL, 112000.00, 140000.00, NULL, 2, 1, NULL, NULL, 1, 1, 1, 1, 'S', 'S', NULL, NULL, NULL, NULL, NULL, NULL, 1, NULL, NULL, NULL);

-- Agente 4 (Itaú) — 15 operações
INSERT INTO DB2GFG.OPR_CRD_FNDO_GRTR VALUES (4001, 1, 4, 'EXT-ITA-001        ', 1, 1, 1, 1, 5300108, 12345678901234, NULL, 1, 400000.00, 200000.00, 80.00, 1, '2026-04-02', '2030-04-02', 160000.00, 0.00, 10400.00, 0.00, 'A1', NULL, 160000.00, 200000.00, NULL, 2, 1, NULL, NULL, 1, 1, 1, 1, 'S', 'S', NULL, NULL, NULL, NULL, NULL, NULL, 1, NULL, NULL, NULL);
INSERT INTO DB2GFG.OPR_CRD_FNDO_GRTR VALUES (4002, 1, 4, 'EXT-ITA-002        ', 1, 2, 2, 1, 5300108, 22233344455566, NULL, 1, 130000.00, 65000.00, 80.00, 1, '2026-04-05', '2028-10-05', 52000.00, 9500.00, 3380.00, 617.50, 'B1', '2026-04-03', 52000.00, 65000.00, '2026-04-03', 1, 3, NULL, NULL, 1, 2, 1, 1, 'S', 'S', NULL, NULL, NULL, NULL, NULL, NULL, 1, NULL, NULL, NULL);
INSERT INTO DB2GFG.OPR_CRD_FNDO_GRTR VALUES (4003, 1, 4, 'EXT-ITA-003        ', 2, 3, 1, 1, 5300108, 33344455566677, NULL, 2, 600000.00, 300000.00, 80.00, 1, '2026-04-07', '2031-04-07', 240000.00, 0.00, 15600.00, 0.00, 'A2', NULL, 240000.00, 300000.00, NULL, 3, 1, NULL, NULL, 1, 3, 1, 1, 'S', 'S', NULL, NULL, NULL, NULL, NULL, NULL, 1, NULL, NULL, NULL);
INSERT INTO DB2GFG.OPR_CRD_FNDO_GRTR VALUES (4004, 1, 4, 'EXT-ITA-004        ', 2, 4, 3, 2, 3550308, 44455566677788, NULL, 3, 175000.00, 87500.00, 80.00, 1, '2026-04-09', '2029-04-09', 70000.00, 13000.00, 4550.00, 845.00, 'B2', '2026-04-06', 70000.00, 87500.00, '2026-04-06', 1, 3, NULL, NULL, 2, 4, 1, 1, 'S', 'S', NULL, NULL, NULL, NULL, NULL, NULL, 1, NULL, NULL, NULL);
INSERT INTO DB2GFG.OPR_CRD_FNDO_GRTR VALUES (4005, 1, 4, 'EXT-ITA-005        ', 3, 5, 1, 1, 5300108, 55566677788899, NULL, 1, 88000.00, 44000.00, 80.00, 1, '2026-04-10', '2027-10-10', 35200.00, 0.00, 2288.00, 0.00, 'A1', NULL, 35200.00, 44000.00, NULL, 1, 1, NULL, NULL, 1, 5, 1, 1, 'S', 'S', NULL, NULL, NULL, NULL, NULL, NULL, 1, NULL, NULL, NULL);
INSERT INTO DB2GFG.OPR_CRD_FNDO_GRTR VALUES (4006, 1, 4, 'EXT-ITA-006        ', 4, 6, 4, 3, 1302603, 66677788899910, NULL, 4, 55000.00, 27500.00, 80.00, 4, '2026-04-11', '2027-10-11', 22000.00, 4500.00, 1430.00, 292.50, 'B1', '2026-04-07', 22000.00, 27500.00, '2026-04-07', 2, 3, NULL, NULL, 3, 6, 1, 1, 'S', 'S', NULL, NULL, NULL, NULL, NULL, NULL, 1, NULL, NULL, NULL);
INSERT INTO DB2GFG.OPR_CRD_FNDO_GRTR VALUES (4007, 1, 4, 'EXT-ITA-007        ', 5, 1, 1, 1, 5300108, 77788899910011, NULL, 5, 1300000.00, 650000.00, 80.00, 1, '2026-04-12', '2035-04-12', 520000.00, 0.00, 33800.00, 0.00, 'A2', NULL, 520000.00, 650000.00, NULL, 3, 1, NULL, NULL, 1, 1, 1, 1, 'S', 'S', NULL, NULL, NULL, NULL, NULL, NULL, 1, NULL, NULL, NULL);
INSERT INTO DB2GFG.OPR_CRD_FNDO_GRTR VALUES (4008, 1, 4, 'EXT-ITA-008        ', 6, 2, 1, 1, 5300108, 88899910011122, NULL, 1, 78000.00, 39000.00, 80.00, 1, '2026-04-14', '2027-10-14', 31200.00, 6000.00, 2028.00, 390.00, 'B2', '2026-04-11', 31200.00, 39000.00, '2026-04-11', 1, 3, NULL, NULL, 1, 2, 1, 1, 'S', 'S', NULL, NULL, NULL, NULL, NULL, NULL, 1, NULL, NULL, NULL);
INSERT INTO DB2GFG.OPR_CRD_FNDO_GRTR VALUES (4009, 1, 4, 'EXT-ITA-009        ', 1, 3, 3, 2, 3550308, 99910011122233, NULL, 3, 260000.00, 130000.00, 80.00, 1, '2026-04-15', '2030-04-15', 104000.00, 0.00, 6760.00, 0.00, 'A1', NULL, 104000.00, 130000.00, NULL, 2, 1, NULL, NULL, 2, 3, 1, 1, 'S', 'S', NULL, NULL, NULL, NULL, NULL, NULL, 1, NULL, NULL, NULL);
INSERT INTO DB2GFG.OPR_CRD_FNDO_GRTR VALUES (4010, 1, 4, 'EXT-ITA-010        ', 1, 4, 1, 1, 5300108, 10011122233344, NULL, 2, 490000.00, 245000.00, 80.00, 1, '2026-04-16', '2031-04-16', 196000.00, 0.00, 12740.00, 0.00, 'A2', NULL, 196000.00, 245000.00, NULL, 2, 1, NULL, NULL, 1, 4, 1, 1, 'S', 'S', NULL, NULL, NULL, NULL, NULL, NULL, 1, NULL, NULL, NULL);
INSERT INTO DB2GFG.OPR_CRD_FNDO_GRTR VALUES (4011, 1, 4, 'EXT-ITA-011        ', 1, 5, 2, 1, 5300108, 11122233344455, NULL, 1, 115000.00, 57500.00, 80.00, 1, '2026-04-17', '2028-10-17', 46000.00, 9000.00, 2990.00, 585.00, 'B1', '2026-04-14', 46000.00, 57500.00, '2026-04-14', 1, 3, NULL, NULL, 1, 5, 1, 1, 'S', 'S', NULL, NULL, NULL, NULL, NULL, NULL, 1, NULL, NULL, NULL);
INSERT INTO DB2GFG.OPR_CRD_FNDO_GRTR VALUES (4012, 1, 4, 'EXT-ITA-012        ', 2, 6, 1, 1, 5300108, 22233344455566, NULL, 2, 870000.00, 435000.00, 80.00, 1, '2026-04-18', '2033-04-18', 348000.00, 0.00, 22620.00, 0.00, 'A1', NULL, 348000.00, 435000.00, NULL, 3, 1, NULL, NULL, 1, 6, 1, 1, 'S', 'S', NULL, NULL, NULL, NULL, NULL, NULL, 1, NULL, NULL, NULL);
INSERT INTO DB2GFG.OPR_CRD_FNDO_GRTR VALUES (4013, 1, 4, 'EXT-ITA-013        ', 3, 1, 4, 4, 9512131, 33344455566677, NULL, 4, 42000.00, 21000.00, 80.00, 1, '2026-04-02', '2027-04-02', 16800.00, 3000.00, 1092.00, 195.00, 'B2', '2026-03-10', 16800.00, 21000.00, '2026-03-10', 1, 3, NULL, NULL, 1, 1, 1, 1, 'S', 'S', NULL, NULL, NULL, NULL, NULL, NULL, 1, NULL, NULL, NULL);
INSERT INTO DB2GFG.OPR_CRD_FNDO_GRTR VALUES (4014, 1, 4, 'EXT-ITA-014        ', 1, 2, 1, 1, 5300108, 44455566677788, NULL, 2, 360000.00, 180000.00, 80.00, 1, '2026-04-03', '2030-04-03', 144000.00, 0.00, 9360.00, 0.00, 'A1', NULL, 144000.00, 180000.00, NULL, 2, 1, NULL, NULL, 1, 2, 1, 1, 'S', 'S', NULL, NULL, NULL, NULL, NULL, NULL, 1, NULL, NULL, NULL);
INSERT INTO DB2GFG.OPR_CRD_FNDO_GRTR VALUES (4015, 1, 4, 'EXT-ITA-015        ', 6, 3, 1, 1, 5300108, 55566677788899, NULL, 1, 310000.00, 155000.00, 80.00, 1, '2026-04-04', '2029-04-04', 124000.00, 0.00, 8060.00, 0.00, 'A2', NULL, 124000.00, 155000.00, NULL, 2, 1, NULL, NULL, 1, 3, 1, 1, 'S', 'S', NULL, NULL, NULL, NULL, NULL, NULL, 1, NULL, NULL, NULL);

-- Agente 5 (Santander) — 15 operações
INSERT INTO DB2GFG.OPR_CRD_FNDO_GRTR VALUES (5001, 1, 5, 'EXT-SAN-001        ', 1, 1, 1, 1, 5300108, 12345678901234, NULL, 1, 250000.00, 125000.00, 80.00, 1, '2026-04-02', '2029-10-02', 100000.00, 0.00, 6500.00, 0.00, 'A1', NULL, 100000.00, 125000.00, NULL, 1, 1, NULL, NULL, 1, 1, 1, 1, 'S', 'S', NULL, NULL, NULL, NULL, NULL, NULL, 1, NULL, NULL, NULL);
INSERT INTO DB2GFG.OPR_CRD_FNDO_GRTR VALUES (5002, 1, 5, 'EXT-SAN-002        ', 1, 2, 2, 1, 5300108, 22233344455566, NULL, 1, 110000.00, 55000.00, 80.00, 1, '2026-04-05', '2028-04-05', 44000.00, 8000.00, 2860.00, 520.00, 'B1', '2026-04-02', 44000.00, 55000.00, '2026-04-02', 1, 3, NULL, NULL, 1, 2, 1, 1, 'S', 'S', NULL, NULL, NULL, NULL, NULL, NULL, 1, NULL, NULL, NULL);
INSERT INTO DB2GFG.OPR_CRD_FNDO_GRTR VALUES (5003, 1, 5, 'EXT-SAN-003        ', 2, 3, 1, 1, 5300108, 33344455566677, NULL, 2, 500000.00, 250000.00, 80.00, 1, '2026-04-07', '2031-04-07', 200000.00, 0.00, 13000.00, 0.00, 'A2', NULL, 200000.00, 250000.00, NULL, 2, 1, NULL, NULL, 1, 3, 1, 1, 'S', 'S', NULL, NULL, NULL, NULL, NULL, NULL, 1, NULL, NULL, NULL);
INSERT INTO DB2GFG.OPR_CRD_FNDO_GRTR VALUES (5004, 1, 5, 'EXT-SAN-004        ', 2, 4, 3, 2, 3550308, 44455566677788, NULL, 3, 160000.00, 80000.00, 80.00, 1, '2026-04-09', '2029-04-09', 64000.00, 11000.00, 4160.00, 715.00, 'B2', '2026-04-06', 64000.00, 80000.00, '2026-04-06', 1, 3, NULL, NULL, 2, 4, 1, 1, 'S', 'S', NULL, NULL, NULL, NULL, NULL, NULL, 1, NULL, NULL, NULL);
INSERT INTO DB2GFG.OPR_CRD_FNDO_GRTR VALUES (5005, 1, 5, 'EXT-SAN-005        ', 3, 5, 1, 1, 5300108, 55566677788899, NULL, 1, 82000.00, 41000.00, 80.00, 1, '2026-04-10', '2027-10-10', 32800.00, 0.00, 2132.00, 0.00, 'A1', NULL, 32800.00, 41000.00, NULL, 1, 1, NULL, NULL, 1, 5, 1, 1, 'S', 'S', NULL, NULL, NULL, NULL, NULL, NULL, 1, NULL, NULL, NULL);
INSERT INTO DB2GFG.OPR_CRD_FNDO_GRTR VALUES (5006, 1, 5, 'EXT-SAN-006        ', 4, 6, 4, 3, 1302603, 66677788899910, NULL, 4, 52000.00, 26000.00, 80.00, 4, '2026-04-11', '2027-10-11', 20800.00, 4000.00, 1352.00, 260.00, 'B1', '2026-04-08', 20800.00, 26000.00, '2026-04-08', 2, 3, NULL, NULL, 3, 6, 1, 1, 'S', 'S', NULL, NULL, NULL, NULL, NULL, NULL, 1, NULL, NULL, NULL);
INSERT INTO DB2GFG.OPR_CRD_FNDO_GRTR VALUES (5007, 1, 5, 'EXT-SAN-007        ', 5, 1, 1, 1, 5300108, 77788899910011, NULL, 5, 1150000.00, 575000.00, 80.00, 1, '2026-04-12', '2034-04-12', 460000.00, 0.00, 29900.00, 0.00, 'A2', NULL, 460000.00, 575000.00, NULL, 3, 1, NULL, NULL, 1, 1, 1, 1, 'S', 'S', NULL, NULL, NULL, NULL, NULL, NULL, 1, NULL, NULL, NULL);
INSERT INTO DB2GFG.OPR_CRD_FNDO_GRTR VALUES (5008, 1, 5, 'EXT-SAN-008        ', 6, 2, 1, 1, 5300108, 88899910011122, NULL, 1, 76000.00, 38000.00, 80.00, 1, '2026-04-14', '2027-10-14', 30400.00, 5500.00, 1976.00, 357.50, 'B2', '2026-04-11', 30400.00, 38000.00, '2026-04-11', 1, 3, NULL, NULL, 1, 2, 1, 1, 'S', 'S', NULL, NULL, NULL, NULL, NULL, NULL, 1, NULL, NULL, NULL);
INSERT INTO DB2GFG.OPR_CRD_FNDO_GRTR VALUES (5009, 1, 5, 'EXT-SAN-009        ', 1, 3, 3, 2, 3550308, 99910011122233, NULL, 3, 270000.00, 135000.00, 80.00, 1, '2026-04-15', '2030-04-15', 108000.00, 0.00, 7020.00, 0.00, 'A1', NULL, 108000.00, 135000.00, NULL, 2, 1, NULL, NULL, 2, 3, 1, 1, 'S', 'S', NULL, NULL, NULL, NULL, NULL, NULL, 1, NULL, NULL, NULL);
INSERT INTO DB2GFG.OPR_CRD_FNDO_GRTR VALUES (5010, 1, 5, 'EXT-SAN-010        ', 1, 4, 1, 1, 5300108, 10011122233344, NULL, 2, 510000.00, 255000.00, 80.00, 1, '2026-04-16', '2031-04-16', 204000.00, 0.00, 13260.00, 0.00, 'A2', NULL, 204000.00, 255000.00, NULL, 2, 1, NULL, NULL, 1, 4, 1, 1, 'S', 'S', NULL, NULL, NULL, NULL, NULL, NULL, 1, NULL, NULL, NULL);
INSERT INTO DB2GFG.OPR_CRD_FNDO_GRTR VALUES (5011, 1, 5, 'EXT-SAN-011        ', 1, 5, 2, 1, 5300108, 11122233344455, NULL, 1, 120000.00, 60000.00, 80.00, 1, '2026-04-17', '2028-10-17', 48000.00, 9500.00, 3120.00, 617.50, 'B1', '2026-04-14', 48000.00, 60000.00, '2026-04-14', 1, 3, NULL, NULL, 1, 5, 1, 1, 'S', 'S', NULL, NULL, NULL, NULL, NULL, NULL, 1, NULL, NULL, NULL);
INSERT INTO DB2GFG.OPR_CRD_FNDO_GRTR VALUES (5012, 1, 5, 'EXT-SAN-012        ', 2, 6, 1, 1, 5300108, 22233344455566, NULL, 2, 820000.00, 410000.00, 80.00, 1, '2026-04-18', '2033-04-18', 328000.00, 0.00, 21320.00, 0.00, 'A1', NULL, 328000.00, 410000.00, NULL, 3, 1, NULL, NULL, 1, 6, 1, 1, 'S', 'S', NULL, NULL, NULL, NULL, NULL, NULL, 1, NULL, NULL, NULL);
INSERT INTO DB2GFG.OPR_CRD_FNDO_GRTR VALUES (5013, 1, 5, 'EXT-SAN-013        ', 3, 1, 4, 4, 9512131, 33344455566677, NULL, 4, 46000.00, 23000.00, 80.00, 1, '2026-04-02', '2027-04-02', 18400.00, 3500.00, 1196.00, 227.50, 'B2', '2026-03-15', 18400.00, 23000.00, '2026-03-15', 1, 3, NULL, NULL, 1, 1, 1, 1, 'S', 'S', NULL, NULL, NULL, NULL, NULL, NULL, 1, NULL, NULL, NULL);
INSERT INTO DB2GFG.OPR_CRD_FNDO_GRTR VALUES (5014, 1, 5, 'EXT-SAN-014        ', 1, 2, 1, 1, 5300108, 44455566677788, NULL, 2, 370000.00, 185000.00, 80.00, 1, '2026-04-03', '2030-04-03', 148000.00, 0.00, 9620.00, 0.00, 'A1', NULL, 148000.00, 185000.00, NULL, 2, 1, NULL, NULL, 1, 2, 1, 1, 'S', 'S', NULL, NULL, NULL, NULL, NULL, NULL, 1, NULL, NULL, NULL);
INSERT INTO DB2GFG.OPR_CRD_FNDO_GRTR VALUES (5015, 1, 5, 'EXT-SAN-015        ', 6, 3, 1, 1, 5300108, 55566677788899, NULL, 1, 295000.00, 147500.00, 80.00, 1, '2026-04-04', '2029-04-04', 118000.00, 0.00, 7670.00, 0.00, 'A2', NULL, 118000.00, 147500.00, NULL, 2, 1, NULL, NULL, 1, 3, 1, 1, 'S', 'S', NULL, NULL, NULL, NULL, NULL, NULL, 1, NULL, NULL, NULL);

-- Agente 6 (Sicredi) — 10 operações
INSERT INTO DB2GFG.OPR_CRD_FNDO_GRTR VALUES (6001, 1, 6, 'EXT-SIC-001        ', 1, 1, 1, 1, 5300108, 12345678901234, NULL, 1, 180000.00, 90000.00, 80.00, 1, '2026-04-02', '2029-04-02', 72000.00, 0.00, 4680.00, 0.00, 'A1', NULL, 72000.00, 90000.00, NULL, 1, 1, NULL, NULL, 1, 1, 1, 1, 'S', 'S', NULL, NULL, NULL, NULL, NULL, NULL, 1, NULL, NULL, NULL);
INSERT INTO DB2GFG.OPR_CRD_FNDO_GRTR VALUES (6002, 1, 6, 'EXT-SIC-002        ', 1, 5, 4, 4, 9512131, 22233344455566, NULL, 5, 50000.00, 25000.00, 80.00, 5, '2026-04-05', '2028-04-05', 20000.00, 0.00, 1300.00, 0.00, 'A1', NULL, 20000.00, 25000.00, NULL, 1, 1, NULL, NULL, 1, 5, 1, 1, 'S', 'S', NULL, NULL, NULL, NULL, NULL, NULL, 1, NULL, NULL, NULL);
INSERT INTO DB2GFG.OPR_CRD_FNDO_GRTR VALUES (6003, 1, 6, 'EXT-SIC-003        ', 2, 6, 1, 1, 5300108, 33344455566677, NULL, 2, 350000.00, 175000.00, 80.00, 1, '2026-04-07', '2031-04-07', 140000.00, 0.00, 9100.00, 0.00, 'A2', NULL, 140000.00, 175000.00, NULL, 2, 1, NULL, NULL, 1, 6, 1, 1, 'S', 'S', NULL, NULL, NULL, NULL, NULL, NULL, 1, NULL, NULL, NULL);
INSERT INTO DB2GFG.OPR_CRD_FNDO_GRTR VALUES (6004, 1, 6, 'EXT-SIC-004        ', 3, 1, 3, 2, 3550308, 44455566677788, NULL, 3, 120000.00, 60000.00, 80.00, 1, '2026-04-10', '2029-04-10', 48000.00, 8500.00, 3120.00, 552.50, 'B2', '2026-04-07', 48000.00, 60000.00, '2026-04-07', 1, 3, NULL, NULL, 2, 1, 1, 1, 'S', 'S', NULL, NULL, NULL, NULL, NULL, NULL, 1, NULL, NULL, NULL);
INSERT INTO DB2GFG.OPR_CRD_FNDO_GRTR VALUES (6005, 1, 6, 'EXT-SIC-005        ', 4, 2, 1, 1, 5300108, 55566677788899, NULL, 4, 800000.00, 400000.00, 80.00, 1, '2026-04-12', '2034-04-12', 320000.00, 0.00, 20800.00, 0.00, 'A1', NULL, 320000.00, 400000.00, NULL, 3, 1, NULL, NULL, 1, 2, 1, 1, 'S', 'S', NULL, NULL, NULL, NULL, NULL, NULL, 1, NULL, NULL, NULL);
INSERT INTO DB2GFG.OPR_CRD_FNDO_GRTR VALUES (6006, 1, 6, 'EXT-SIC-006        ', 1, 3, 1, 1, 5300108, 66677788899910, NULL, 1, 65000.00, 32500.00, 80.00, 1, '2026-04-14', '2027-10-14', 26000.00, 5000.00, 1690.00, 325.00, 'B1', '2026-04-10', 26000.00, 32500.00, '2026-04-10', 1, 3, NULL, NULL, 1, 3, 1, 1, 'S', 'S', NULL, NULL, NULL, NULL, NULL, NULL, 1, NULL, NULL, NULL);
INSERT INTO DB2GFG.OPR_CRD_FNDO_GRTR VALUES (6007, 1, 6, 'EXT-SIC-007        ', 5, 4, 4, 4, 9512131, 77788899910011, NULL, 5, 980000.00, 490000.00, 80.00, 1, '2026-04-15', '2034-04-15', 392000.00, 0.00, 25480.00, 0.00, 'A2', NULL, 392000.00, 490000.00, NULL, 3, 1, NULL, NULL, 1, 4, 1, 1, 'S', 'S', NULL, NULL, NULL, NULL, NULL, NULL, 1, NULL, NULL, NULL);
INSERT INTO DB2GFG.OPR_CRD_FNDO_GRTR VALUES (6008, 1, 6, 'EXT-SIC-008        ', 6, 5, 1, 1, 5300108, 88899910011122, NULL, 1, 92000.00, 46000.00, 80.00, 1, '2026-04-16', '2028-04-16', 36800.00, 7000.00, 2392.00, 455.00, 'B2', '2026-04-13', 36800.00, 46000.00, '2026-04-13', 1, 3, NULL, NULL, 1, 5, 1, 1, 'S', 'S', NULL, NULL, NULL, NULL, NULL, NULL, 1, NULL, NULL, NULL);
INSERT INTO DB2GFG.OPR_CRD_FNDO_GRTR VALUES (6009, 1, 6, 'EXT-SIC-009        ', 1, 6, 3, 2, 3550308, 99910011122233, NULL, 3, 290000.00, 145000.00, 80.00, 1, '2026-04-17', '2030-04-17', 116000.00, 0.00, 7540.00, 0.00, 'A1', NULL, 116000.00, 145000.00, NULL, 2, 1, NULL, NULL, 2, 6, 1, 1, 'S', 'S', NULL, NULL, NULL, NULL, NULL, NULL, 1, NULL, NULL, NULL);
INSERT INTO DB2GFG.OPR_CRD_FNDO_GRTR VALUES (6010, 1, 6, 'EXT-SIC-010        ', 2, 1, 1, 1, 5300108, 10011122233344, NULL, 2, 430000.00, 215000.00, 80.00, 1, '2026-04-18', '2031-04-18', 172000.00, 0.00, 11180.00, 0.00, 'A2', NULL, 172000.00, 215000.00, NULL, 2, 1, NULL, NULL, 1, 1, 1, 1, 'S', 'S', NULL, NULL, NULL, NULL, NULL, NULL, 1, NULL, NULL, NULL);

-- Agente 7 (Sicoob) — 10 operações
INSERT INTO DB2GFG.OPR_CRD_FNDO_GRTR VALUES (7001, 1, 7, 'EXT-SCB-001        ', 1, 1, 1, 1, 5300108, 12345678901234, NULL, 1, 160000.00, 80000.00, 80.00, 1, '2026-04-02', '2029-04-02', 64000.00, 0.00, 4160.00, 0.00, 'A1', NULL, 64000.00, 80000.00, NULL, 1, 1, NULL, NULL, 1, 1, 1, 1, 'S', 'S', NULL, NULL, NULL, NULL, NULL, NULL, 1, NULL, NULL, NULL);
INSERT INTO DB2GFG.OPR_CRD_FNDO_GRTR VALUES (7002, 1, 7, 'EXT-SCB-002        ', 1, 5, 4, 4, 9512131, 22233344455566, NULL, 5, 48000.00, 24000.00, 80.00, 5, '2026-04-05', '2028-04-05', 19200.00, 3500.00, 1248.00, 227.50, 'B1', '2026-04-01', 19200.00, 24000.00, '2026-04-01', 1, 3, NULL, NULL, 1, 5, 1, 1, 'S', 'S', NULL, NULL, NULL, NULL, NULL, NULL, 1, NULL, NULL, NULL);
INSERT INTO DB2GFG.OPR_CRD_FNDO_GRTR VALUES (7003, 1, 7, 'EXT-SCB-003        ', 2, 6, 1, 1, 5300108, 33344455566677, NULL, 2, 320000.00, 160000.00, 80.00, 1, '2026-04-07', '2031-04-07', 128000.00, 0.00, 8320.00, 0.00, 'A2', NULL, 128000.00, 160000.00, NULL, 2, 1, NULL, NULL, 1, 6, 1, 1, 'S', 'S', NULL, NULL, NULL, NULL, NULL, NULL, 1, NULL, NULL, NULL);
INSERT INTO DB2GFG.OPR_CRD_FNDO_GRTR VALUES (7004, 1, 7, 'EXT-SCB-004        ', 3, 1, 3, 2, 3550308, 44455566677788, NULL, 3, 115000.00, 57500.00, 80.00, 1, '2026-04-10', '2029-04-10', 46000.00, 8000.00, 2990.00, 520.00, 'B2', '2026-04-07', 46000.00, 57500.00, '2026-04-07', 1, 3, NULL, NULL, 2, 1, 1, 1, 'S', 'S', NULL, NULL, NULL, NULL, NULL, NULL, 1, NULL, NULL, NULL);
INSERT INTO DB2GFG.OPR_CRD_FNDO_GRTR VALUES (7005, 1, 7, 'EXT-SCB-005        ', 4, 2, 1, 1, 5300108, 55566677788899, NULL, 4, 750000.00, 375000.00, 80.00, 1, '2026-04-12', '2034-04-12', 300000.00, 0.00, 19500.00, 0.00, 'A1', NULL, 300000.00, 375000.00, NULL, 3, 1, NULL, NULL, 1, 2, 1, 1, 'S', 'S', NULL, NULL, NULL, NULL, NULL, NULL, 1, NULL, NULL, NULL);
INSERT INTO DB2GFG.OPR_CRD_FNDO_GRTR VALUES (7006, 1, 7, 'EXT-SCB-006        ', 1, 3, 1, 1, 5300108, 66677788899910, NULL, 1, 63000.00, 31500.00, 80.00, 1, '2026-04-14', '2027-10-14', 25200.00, 5000.00, 1638.00, 325.00, 'B1', '2026-04-10', 25200.00, 31500.00, '2026-04-10', 1, 3, NULL, NULL, 1, 3, 1, 1, 'S', 'S', NULL, NULL, NULL, NULL, NULL, NULL, 1, NULL, NULL, NULL);
INSERT INTO DB2GFG.OPR_CRD_FNDO_GRTR VALUES (7007, 1, 7, 'EXT-SCB-007        ', 5, 4, 4, 4, 9512131, 77788899910011, NULL, 5, 920000.00, 460000.00, 80.00, 1, '2026-04-15', '2034-04-15', 368000.00, 0.00, 23920.00, 0.00, 'A2', NULL, 368000.00, 460000.00, NULL, 3, 1, NULL, NULL, 1, 4, 1, 1, 'S', 'S', NULL, NULL, NULL, NULL, NULL, NULL, 1, NULL, NULL, NULL);
INSERT INTO DB2GFG.OPR_CRD_FNDO_GRTR VALUES (7008, 1, 7, 'EXT-SCB-008        ', 6, 5, 1, 1, 5300108, 88899910011122, NULL, 1, 88000.00, 44000.00, 80.00, 1, '2026-04-16', '2028-04-16', 35200.00, 6500.00, 2288.00, 422.50, 'B2', '2026-04-13', 35200.00, 44000.00, '2026-04-13', 1, 3, NULL, NULL, 1, 5, 1, 1, 'S', 'S', NULL, NULL, NULL, NULL, NULL, NULL, 1, NULL, NULL, NULL);
INSERT INTO DB2GFG.OPR_CRD_FNDO_GRTR VALUES (7009, 1, 7, 'EXT-SCB-009        ', 1, 6, 3, 2, 3550308, 99910011122233, NULL, 3, 280000.00, 140000.00, 80.00, 1, '2026-04-17', '2030-04-17', 112000.00, 0.00, 7280.00, 0.00, 'A1', NULL, 112000.00, 140000.00, NULL, 2, 1, NULL, NULL, 2, 6, 1, 1, 'S', 'S', NULL, NULL, NULL, NULL, NULL, NULL, 1, NULL, NULL, NULL);
INSERT INTO DB2GFG.OPR_CRD_FNDO_GRTR VALUES (7010, 1, 7, 'EXT-SCB-010        ', 2, 1, 1, 1, 5300108, 10011122233344, NULL, 2, 410000.00, 205000.00, 80.00, 1, '2026-04-18', '2031-04-18', 164000.00, 0.00, 10660.00, 0.00, 'A2', NULL, 164000.00, 205000.00, NULL, 2, 1, NULL, NULL, 1, 1, 1, 1, 'S', 'S', NULL, NULL, NULL, NULL, NULL, NULL, 1, NULL, NULL, NULL);

-- =============================================================================
-- TOTAL: 5 lookup groups + CT_MVT + 2 FNDO + 7 AGT + 15 assoc + 110 operações
-- Agente 1: 20 ops | Agente 2: 20 ops | Agente 3: 15 ops
-- Agente 4: 15 ops | Agente 5: 15 ops | Agente 6: 10 ops | Agente 7: 10 ops
-- 110 operações totais, todas com DT_FRMZ_OPR em Abril/2026
-- Mix: ~70% adimplentes (VL_SDO_CPTL_ATR=0), ~30% inadimplentes (VL_SDO_CPTL_ATR>0)
-- =============================================================================
